id;login;first_name;middle_name;last_name
1;contextually-based Home Loan Account Books;Alisa;calculating;Kautzer
2;Refined Frozen Table Infrastructure;Kimberly;Health;Beier
3;alarm Kansas utilize;Estevan;Tasty Concrete Salad exploit;Rice
4;e-services Soft;Mary;Sleek redefine digital;Crist
5;Investment Account;Judge;invoice gold;Torp
6;Berkshire Alley revolutionary;Hayden;Incredible Fresh Computer mobile;Auer
7;index Enhanced;Cordie;invoice Licensed Fresh Pants;Conroy
8;Corners payment feed;Anastacio;Research open-source;Lynch
9;South Carolina Tennessee iterate;Barton;Radial;Windler
10;magenta;Destin;Assurance Faroe Islands;Stoltenberg
